p_home_run,p_strikeout,p_walk,batting_avg,slg_percent,p_era,winning?
11,69,29,0.255,0.454,5.54,No
30,120,36,0.252,0.434,4.16,No
9,52,22,0.259,0.446,4.68,No
12,79,45,0.248,0.436,4.56,No
5,20,9,0.34,0.702,7.25,No
16,216,58,0.203,0.309,3.34,No
8,38,19,0.27,0.454,6.75,No
5,40,16,0.293,0.486,4.75,No
8,80,36,0.265,0.431,5.21,No
8,29,17,0.283,0.48,4.41,No
20,72,30,0.279,0.497,5.32,No
4,33,6,0.29,0.402,3.95,No
15,98,30,0.285,0.465,4.08,No
30,122,48,0.288,0.511,5.79,No
6,29,16,0.244,0.435,5.29,No
4,31,26,0.282,0.47,8.8,No
3,21,11,0.232,0.4,3.2,No
6,40,12,0.269,0.483,5.06,No
7,29,20,0.336,0.586,11.27,No
2,34,8,0.202,0.298,3.24,No
11,58,28,0.276,0.439,4.22,No
15,144,21,0.224,0.374,3.55,No
17,125,50,0.265,0.408,3.37,No
3,12,14,0.29,0.419,6.35,No
23,100,34,0.248,0.437,4.67,No
12,85,35,0.286,0.483,6.43,No
12,37,17,0.291,0.518,6.26,No
17,155,64,0.234,0.363,3.71,No
19,92,25,0.256,0.46,4.27,No
4,32,14,0.286,0.422,6.57,No
2,30,11,0.257,0.39,3.42,No
6,35,12,0.188,0.396,3.9,No
2,28,8,0.32,0.49,9.26,No
4,24,17,0.221,0.356,5.79,No
8,58,23,0.264,0.411,4.15,No
2,64,41,0.238,0.316,3.42,No
10,83,34,0.211,0.39,3.86,No
13,50,28,0.304,0.494,4.9,No
4,38,19,0.183,0.303,3.07,No
7,53,15,0.28,0.431,4.61,No
0,44,13,0.143,0.184,1.86,No
11,87,28,0.198,0.403,3.44,No
8,51,37,0.251,0.412,4.91,No
19,97,36,0.296,0.481,4.74,No
7,29,15,0.277,0.462,4.93,No
15,40,27,0.297,0.537,8.06,No
10,68,32,0.318,0.491,6.68,No
6,62,31,0.226,0.345,3.65,No
7,50,13,0.323,0.488,5.21,No
4,23,15,0.311,0.476,4.01,No
5,33,18,0.254,0.449,6.3,No
2,38,21,0.217,0.317,5.63,No
24,243,41,0.223,0.372,3.23,No
5,39,16,0.259,0.42,4.04,No
15,195,35,0.253,0.402,3.75,No
19,155,50,0.225,0.385,4.19,No
9,61,26,0.235,0.408,3.9,No
19,99,27,0.255,0.467,4.52,No
14,56,22,0.291,0.492,5.04,No
4,20,13,0.302,0.5,4.39,No
16,91,34,0.243,0.429,4.21,No
3,36,26,0.177,0.315,4,No
2,65,27,0.213,0.289,2.82,No
2,21,14,0.241,0.343,5.59,No
12,80,39,0.242,0.373,3.46,No
15,46,22,0.29,0.505,5.35,No
23,94,30,0.251,0.489,4.8,No
8,60,18,0.23,0.408,4.21,No
3,77,37,0.182,0.277,2.57,No
4,47,18,0.294,0.389,4.66,No
14,67,42,0.292,0.475,5.81,No
8,76,37,0.228,0.398,4.43,No
9,67,23,0.255,0.397,3.89,No
11,65,31,0.268,0.407,5.09,No
2,62,25,0.217,0.287,2.81,No
5,21,9,0.283,0.491,6.41,No
29,150,41,0.256,0.487,5.83,No
18,144,43,0.265,0.405,3.82,No
6,31,11,0.253,0.406,4.23,No
5,25,20,0.233,0.444,6.38,No
7,56,21,0.217,0.401,2.91,No
5,28,11,0.28,0.44,5.4,No
4,74,19,0.164,0.272,2.79,No
6,24,14,0.263,0.505,7.23,No
6,77,27,0.22,0.369,3.22,No
25,95,59,0.29,0.472,5.28,No
1,38,17,0.292,0.448,3.4,No
14,141,37,0.252,0.389,3.43,No
17,158,44,0.242,0.362,3.02,No
6,49,17,0.215,0.356,3.66,No
6,23,17,0.278,0.485,5.04,No
6,30,15,0.278,0.489,5.51,No
3,17,12,0.333,0.495,7.33,No
20,227,50,0.21,0.345,2.81,No
18,56,28,0.311,0.538,6.46,No
12,83,24,0.207,0.419,5.59,No
6,70,29,0.198,0.317,1.98,No
17,44,27,0.295,0.614,6.71,No
33,248,52,0.21,0.401,2.84,No
8,28,8,0.231,0.462,2.8,No
4,25,13,0.2,0.343,3.15,No
7,45,28,0.212,0.374,3.2,No
20,124,63,0.217,0.401,4.83,No
27,117,41,0.269,0.48,4.48,No
22,114,59,0.248,0.444,4.43,No
23,101,49,0.251,0.525,6.3,No
1,29,14,0.205,0.253,4.3,No
17,98,27,0.234,0.426,4.58,No
8,57,36,0.246,0.39,6.23,No
20,207,57,0.232,0.372,3.37,No
12,59,27,0.233,0.437,4.26,No
11,44,15,0.266,0.521,6.33,No
19,185,47,0.277,0.437,4.74,No
11,90,26,0.25,0.43,3.84,No
19,167,50,0.232,0.393,3.48,No
5,24,22,0.252,0.465,6.21,No
7,30,8,0.343,0.619,8.37,No
9,13,10,0.333,0.722,8.69,No
5,40,30,0.213,0.373,5.22,No
7,41,12,0.279,0.461,5.26,No
24,118,41,0.234,0.418,3.71,No
2,23,10,0.245,0.415,3.71,No
3,77,36,0.209,0.309,3.73,No
20,113,41,0.232,0.42,4.53,No
3,29,12,0.178,0.287,3,No
4,30,15,0.226,0.376,3.53,No
15,159,39,0.218,0.348,3.15,No
6,19,17,0.309,0.543,8.74,No
20,84,34,0.253,0.491,6.06,No
11,24,13,0.281,0.6,6.64,No
4,28,12,0.235,0.431,5.13,No
8,36,11,0.344,0.613,7.04,No
10,18,11,0.364,0.784,9.9,No
2,48,17,0.176,0.286,2.94,No
5,26,9,0.277,0.515,5.6,No
22,203,54,0.213,0.364,3.18,No
14,35,19,0.322,0.596,8.07,No
20,226,68,0.223,0.364,3.91,No
6,66,28,0.227,0.374,3.24,No
6,62,11,0.228,0.4,3.7,No
4,33,16,0.238,0.416,5.13,No
7,33,11,0.27,0.504,6.28,No
13,185,36,0.189,0.306,2.37,No
5,32,13,0.285,0.489,5.51,No
23,128,48,0.275,0.466,5.47,No
12,125,58,0.22,0.327,3.14,No
3,17,7,0.248,0.385,3.77,No
9,61,29,0.249,0.449,6.04,No
4,48,15,0.229,0.357,3.83,No
4,21,23,0.246,0.405,4.54,No
6,32,13,0.287,0.478,4.28,No
20,98,48,0.28,0.524,6.61,No
5,19,11,0.295,0.534,7.4,No
6,31,14,0.214,0.389,4.04,No
7,60,32,0.211,0.379,5.6,No
30,134,26,0.224,0.427,3.62,No
8,60,21,0.293,0.455,4.38,No
11,39,19,0.28,0.589,5.77,No
15,158,41,0.227,0.353,3.04,No
11,27,12,0.31,0.554,7.64,No
27,201,52,0.219,0.394,3.53,No
23,125,42,0.275,0.424,4.24,No
14,63,43,0.316,0.515,6.83,No
4,61,28,0.216,0.311,3.18,No
11,94,36,0.215,0.349,3.62,No
2,50,22,0.195,0.268,1.51,No
9,69,24,0.252,0.402,3.07,No
7,77,43,0.189,0.299,3.45,No
8,63,25,0.21,0.366,3.05,No
9,95,52,0.176,0.294,3.24,No
5,30,11,0.286,0.482,6.99,No
15,99,16,0.276,0.461,4.17,No
9,65,12,0.192,0.365,4.11,No
8,26,10,0.319,0.534,5.87,No
9,75,17,0.194,0.354,2.78,No
16,87,34,0.291,0.451,5.07,No
3,89,23,0.195,0.285,3.45,No
11,48,22,0.234,0.446,4.5,No
5,29,14,0.214,0.411,3.56,No
9,65,27,0.27,0.439,4.33,No
2,26,9,0.316,0.469,5.16,No
2,57,20,0.226,0.349,3.78,No
4,34,22,0.296,0.409,5.6,No
17,92,42,0.247,0.424,4.66,No
4,32,8,0.237,0.433,4.74,No
12,43,27,0.307,0.538,6.58,No
2,20,20,0.221,0.365,4.97,No
9,47,29,0.26,0.475,7.55,No
7,49,23,0.245,0.394,4.39,No
9,158,36,0.234,0.332,3.03,No
13,53,14,0.265,0.529,4.18,No
10,104,24,0.176,0.339,3.06,No
4,39,14,0.291,0.436,4.98,No
9,55,31,0.233,0.408,3.38,No
15,99,22,0.269,0.445,5.07,No
19,195,38,0.219,0.349,2.96,No
25,111,57,0.276,0.501,5.48,No
9,68,34,0.251,0.404,3.55,No
11,115,26,0.233,0.385,3.07,No
16,87,28,0.255,0.429,3.81,No
4,19,12,0.33,0.514,8.49,No
14,103,25,0.217,0.386,2.9,No
1,26,12,0.308,0.423,7.11,No
7,234,34,0.201,0.273,2.43,No
13,75,42,0.252,0.445,4.82,No
24,210,64,0.234,0.396,3.75,No
7,31,14,0.268,0.545,6.35,No
2,24,19,0.252,0.37,4.94,No
21,136,58,0.194,0.383,4.95,No
20,96,19,0.258,0.489,4.19,No
7,22,14,0.241,0.436,3.28,No
1,19,10,0.229,0.354,4.56,No
2,20,13,0.19,0.27,3.38,No
14,100,25,0.224,0.418,4.05,No
6,30,13,0.298,0.496,6.67,No
6,41,22,0.233,0.399,3.16,No
5,67,34,0.216,0.31,3.18,No
8,35,19,0.307,0.474,4.61,No
4,36,18,0.254,0.406,5.75,No
12,52,16,0.278,0.536,4.78,No
3,19,12,0.292,0.504,5.86,No
2,51,16,0.234,0.31,2.26,No
6,49,29,0.201,0.332,3.75,No
6,28,19,0.247,0.505,5.81,No
14,99,17,0.193,0.386,3.12,No
23,65,29,0.256,0.538,6.37,No
12,37,12,0.233,0.395,3.92,Yes
7,22,8,0.344,0.58,6.37,Yes
0,36,11,0.192,0.267,2.14,Yes
12,78,22,0.175,0.364,3.5,Yes
16,124,53,0.221,0.371,3.58,Yes
7,56,23,0.261,0.406,4.28,Yes
17,128,28,0.241,0.425,4.68,Yes
25,91,55,0.285,0.478,4.71,Yes
21,201,50,0.223,0.365,3.19,Yes
4,44,18,0.193,0.285,3.92,Yes
5,37,14,0.257,0.395,3.09,Yes
4,59,25,0.228,0.316,2.23,Yes
1,43,27,0.235,0.336,4.73,Yes
8,58,26,0.272,0.428,4.03,Yes
10,37,5,0.327,0.55,6.57,Yes
7,58,10,0.196,0.33,2.72,Yes
8,47,28,0.222,0.406,4.34,Yes
15,156,44,0.207,0.351,3.18,Yes
13,83,13,0.235,0.384,3.06,Yes
5,71,35,0.239,0.374,4.21,Yes
8,62,20,0.218,0.358,4.11,Yes
17,88,21,0.265,0.453,3.62,Yes
2,42,19,0.217,0.279,2.37,Yes
26,149,41,0.252,0.447,5.05,Yes
5,98,33,0.24,0.336,3.76,Yes
8,83,25,0.192,0.332,3.34,Yes
6,51,20,0.287,0.455,5.07,Yes
5,38,11,0.219,0.4,4.94,Yes
24,124,39,0.242,0.439,4.67,Yes
4,23,14,0.267,0.446,4.15,Yes
16,69,18,0.231,0.512,4.83,Yes
25,117,27,0.267,0.457,5.11,Yes
15,75,31,0.235,0.47,4.41,Yes
2,30,10,0.211,0.333,1.75,Yes
4,81,13,0.208,0.297,2.25,Yes
6,52,12,0.269,0.419,3.16,Yes
12,85,26,0.199,0.364,3.22,Yes
11,113,7,0.174,0.318,2.54,Yes
3,50,15,0.174,0.286,2.86,Yes
5,55,13,0.243,0.328,2.22,Yes
10,44,15,0.265,0.531,6.75,Yes
4,44,6,0.241,0.335,2.95,Yes
5,33,7,0.267,0.443,3.67,Yes
8,75,16,0.211,0.405,3.31,Yes
10,83,24,0.227,0.401,3.59,Yes
16,130,53,0.186,0.355,3.55,Yes
10,72,27,0.248,0.435,3.94,Yes
19,137,37,0.182,0.374,2.59,Yes
2,32,9,0.175,0.25,2.31,Yes
24,143,37,0.258,0.435,4.37,Yes
9,97,38,0.182,0.359,3.36,Yes
9,78,32,0.176,0.352,4.07,Yes
16,247,46,0.215,0.321,2.78,Yes
4,35,19,0.238,0.354,5.85,Yes
7,33,12,0.228,0.383,3.59,Yes
9,75,35,0.212,0.399,5.26,Yes
37,143,60,0.286,0.51,5.82,Yes
6,41,25,0.308,0.478,7.56,Yes
5,38,15,0.237,0.41,5.53,Yes
8,77,20,0.232,0.401,3.23,Yes
4,43,20,0.189,0.329,2.48,Yes
35,97,36,0.26,0.527,5.44,Yes
21,157,58,0.245,0.42,4.59,Yes
24,140,44,0.238,0.422,4.3,Yes
26,146,55,0.225,0.4,4.47,Yes
11,90,31,0.287,0.462,4.35,Yes
10,32,25,0.294,0.552,7.55,Yes
8,65,34,0.202,0.369,3.23,Yes
28,129,38,0.254,0.48,5.36,Yes
5,71,20,0.207,0.35,2.79,Yes
5,73,23,0.207,0.319,2.7,Yes
6,70,37,0.234,0.351,5.17,Yes
6,44,12,0.244,0.407,3.45,Yes
3,23,14,0.2,0.324,2.15,Yes
2,40,25,0.144,0.231,2.59,Yes
5,52,18,0.241,0.408,3.13,Yes
8,84,20,0.206,0.357,3.79,Yes
24,175,65,0.234,0.417,4.53,Yes
4,91,28,0.223,0.328,2.42,Yes
6,24,15,0.206,0.411,4.5,Yes
2,30,15,0.237,0.331,3.52,Yes
35,164,47,0.245,0.476,4.34,Yes
5,78,29,0.206,0.284,3.6,Yes
21,112,56,0.293,0.485,6.07,Yes
6,28,12,0.237,0.505,4.26,Yes
3,23,16,0.189,0.368,4.28,Yes
7,85,25,0.181,0.31,2.14,Yes
16,170,69,0.214,0.375,4.2,Yes
9,63,14,0.216,0.444,3.43,Yes
5,73,25,0.204,0.307,2.84,Yes
4,39,22,0.256,0.372,4.33,Yes
3,40,12,0.233,0.33,3.52,Yes
2,60,23,0.246,0.322,3.4,Yes
4,42,17,0.296,0.422,6.39,Yes
9,68,18,0.196,0.38,2.62,Yes
10,123,27,0.176,0.319,2.66,Yes
10,92,71,0.233,0.368,4.09,Yes
6,55,19,0.237,0.399,3.5,Yes
6,63,38,0.229,0.34,3.42,Yes
2,30,9,0.176,0.275,2.45,Yes
6,76,18,0.2,0.371,4.4,Yes
12,74,29,0.232,0.393,4.31,Yes
5,53,20,0.202,0.346,2.52,Yes
3,61,20,0.18,0.253,1.77,Yes
5,58,17,0.214,0.333,2,Yes
9,86,33,0.233,0.367,3.63,Yes
10,59,28,0.266,0.467,5.34,Yes
17,82,40,0.29,0.491,6.63,Yes
16,121,47,0.234,0.373,2.89,Yes
9,61,32,0.227,0.429,3.06,Yes
5,29,18,0.25,0.435,4.71,Yes
11,134,33,0.229,0.373,3.17,Yes
0,29,15,0.243,0.313,3.64,Yes
5,68,47,0.213,0.325,4.2,Yes
19,139,49,0.233,0.413,4.3,Yes
8,48,18,0.291,0.534,6.37,Yes
7,41,16,0.192,0.397,2.4,Yes
7,69,32,0.234,0.383,3.97,Yes
6,72,27,0.183,0.294,2.88,Yes
3,44,19,0.158,0.267,2.7,Yes
3,69,16,0.215,0.281,2.17,Yes
12,105,32,0.287,0.421,4.42,Yes
14,131,53,0.281,0.414,4.91,Yes
3,102,24,0.127,0.193,1.23,Yes
4,22,17,0.202,0.37,4.19,Yes
4,107,33,0.194,0.255,1.36,Yes
14,73,37,0.241,0.456,4.35,Yes
4,33,14,0.279,0.441,4.19,Yes
11,103,12,0.207,0.367,2.57,Yes
4,30,5,0.168,0.347,4.05,Yes
6,54,22,0.126,0.296,2.25,Yes
7,59,19,0.197,0.35,2.81,Yes
6,42,21,0.288,0.503,6.56,Yes
20,88,46,0.263,0.469,4.74,Yes
5,23,13,0.269,0.462,5.01,Yes
13,114,43,0.275,0.427,4.51,Yes
9,40,13,0.274,0.478,6,Yes
3,37,9,0.211,0.366,2.38,Yes
6,57,35,0.206,0.388,5.96,Yes
18,120,64,0.297,0.457,5.39,Yes
12,68,26,0.223,0.424,4.73,Yes
5,57,12,0.206,0.309,3.4,Yes
